fips,state,name,pop2000,pop2010,pop2011,pop2012,pop2013,pop2014,pop2015,pop2016,pop2017,age_under_5_2010,age_under_5_2017,age_under_18_2010,age_over_65_2010,age_over_65_2017,median_age_2017,female_2010,white_2010,black_2010,black_2017,native_2010,native_2017,asian_2010,asian_2017,pac_isl_2010,pac_isl_2017,other_single_race_2017,two_plus_races_2010,two_plus_races_2017,hispanic_2010,hispanic_2017,white_not_hispanic_2010,white_not_hispanic_2017,speak_english_only_2017,no_move_in_one_plus_year_2010,foreign_born_2010,foreign_spoken_at_home_2010,women_16_to_50_birth_rate_2017,hs_grad_2010,hs_grad_2016,hs_grad_2017,some_college_2016,some_college_2017,bachelors_2010,bachelors_2016,bachelors_2017,veterans_2010,veterans_2017,mean_work_travel_2010,mean_work_travel_2017,broadband_2017,computer_2017,housing_units_2010,homeownership_2010,housing_multi_unit_2010,median_val_owner_occupied_2010,households_2010,households_2017,persons_per_household_2010,persons_per_household_2017,per_capita_income_2010,per_capita_income_2017,metro_2013,median_household_income_2010,median_household_income_2016,median_household_income_2017,private_nonfarm_establishments_2009,private_nonfarm_employment_2009,percent_change_private_nonfarm_employment_2009,nonemployment_establishments_2009,firms_2007,black_owned_firms_2007,native_owned_firms_2007,asian_owned_firms_2007,pac_isl_owned_firms_2007,hispanic_owned_firms_2007,women_owned_firms_2007,manufacturer_shipments_2007,mercent_whole_sales_2007,sales_2007,sales_per_capita_2007,accommodation_food_service_2007,building_permits_2010,fed_spending_2009,area_2010,density_2010,smoking_ban_2010,poverty_2010,poverty_2016,poverty_2017,poverty_age_under_5_2017,poverty_age_under_18_2017,civilian_labor_force_2007,employed_2007,unemployed_2007,unemployment_rate_2007,civilian_labor_force_2008,employed_2008,unemployed_2008,unemployment_rate_2008,civilian_labor_force_2009,employed_2009,unemployed_2009,unemployment_rate_2009,civilian_labor_force_2010,employed_2010,unemployed_2010,unemployment_rate_2010,civilian_labor_force_2011,employed_2011,unemployed_2011,unemployment_rate_2011,civilian_labor_force_2012,employed_2012,unemployed_2012,unemployment_rate_2012,civilian_labor_force_2013,employed_2013,unemployed_2013,unemployment_rate_2013,civilian_labor_force_2014,employed_2014,unemployed_2014,unemployment_rate_2014,civilian_labor_force_2015,employed_2015,unemployed_2015,unemployment_rate_2015,civilian_labor_force_2016,employed_2016,unemployed_2016,unemployment_rate_2016,uninsured_2017,uninsured_age_under_6_2017,uninsured_age_under_19_2017,uninsured_age_over_74_2017,civilian_labor_force_2017,employed_2017,unemployed_2017,unemployment_rate_2017,age_over_18_2019,age_over_65_2019,age_over_85_2019,age_under_5_2019,asian_2019,avg_family_size_2019,bachelors_2019,black_2019,hispanic_2019,household_has_broadband_2019,household_has_computer_2019,household_has_smartphone_2019,households_2019,households_speak_asian_or_pac_isl_2019,households_speak_limited_english_2019,households_speak_other_2019,households_speak_other_indo_euro_lang_2019,households_speak_spanish_2019,housing_mobile_homes_2019,housing_one_unit_structures_2019,housing_two_unit_structures_2019,hs_grad_2019,mean_household_income_2019,mean_work_travel_2019,median_age_2019,median_household_income_2019,median_individual_income_2019,median_individual_income_age_25plus_2019,native_2019,other_single_race_2019,pac_isl_2019,per_capita_income_2019,persons_per_household_2019,pop_2019,poverty_2019,poverty_65_and_over_2019,poverty_under_18_2019,two_plus_races_2019,unemployment_rate_2019,uninsured_2019,uninsured_65_and_older_2019,uninsured_under_19_2019,uninsured_under_6_2019,veterans_2019,white_2019,white_not_hispanic_2019
42001,Pennsylvania,Adams County,91292,101407,101460,101228,101059,101231,101637,101684,102336,5.5,5,22.1,15.7,18.6,43.3,50.8,93.7,1.5,0.72,0.2,0.03,0.7,0.36,NA,0,1.59,1.3,1.12,6,6.78,90.6,89.49,93.7,86.5,4,6.3,4.8,84.7,87.9,88.6,24.1,24.9,18.5,21.9,22.1,9489,9.9,27.2,27.6,76.5,86.1,40820,77.8,9.8,200700,38331,38818,2.53,2.51,25606,30490.84,1,56529,59645,62661,1979,28698,1,6255,8687,NA,NA,NA,NA,0.6,NA,2498302,NA,832377,8222,160108,306,694554,518.67,195.5,comprehensive,7.6,9.4,8.8,18.7,13.5,55892,54028,1864,3.34,56402,53970,2432,4.31,54978,50893,4085,7.43,54589,50374,4215,7.72,54083,50471,3612,6.68,54755,51251,3504,6.4,55378,52135,3243,5.86,55132,52601,2531,4.59,54988,52677,2311,4.2,55412,53213,2199,3.97,6.6,5.2,5,0.4,55457,53419,2038,3.67,79.7,19.8,2.5,5.1,0.7,2.97,22.3,1.4,7.1,81,76.9,72.3,39345,0.4,1.4,0,1.3,4.9,22,6.9,78,88.8,80678,NA,43.9,67253,30935,40142,0.1,2.7,0,31590,2.5,102470,7.8,5.8,11.7,2.3,3.1,5.6,0.2,5.1,6.9,9.5,92.7,89
42003,Pennsylvania,Allegheny County,1281666,1223348,1227767,1230870,1233892,1233480,1230052,1227553,1223048,5.2,5.3,19.8,16.8,17.7,40.9,52.1,81.5,13.2,6.46,0.1,0.06,2.8,1.77,0,0.01,0.2,1.8,1.33,1.6,1.96,80.6,79.05,92.7,86.6,4.6,6.8,5.3,91.6,93.9,94.1,25.9,25.7,34.1,39.1,40,104387,8,25.2,26.7,79,86.1,589201,67,27.3,115200,522703,536439,2.27,2.23,29549,35661.43,1,47961,56099,56333,33360,669057,-3.2,69333,95698,5.2,0.2,3.1,NA,1,27.6,15725247,18141618,20075411,16456,2540334,1424,17220254,730.08,1675.6,partial,12.3,11.5,12.5,17.9,16.6,633672,607439,26233,4.14,643395,612419,30976,4.81,639381,595899,43482,6.8,636080,587878,48202,7.58,643084,597429,45655,7.1,653215,607810,45405,6.95,651455,608833,42622,6.54,646617,611956,34661,5.36,647492,615407,32085,4.96,647671,614123,33548,5.18,5.2,2.3,2.4,0.1,645906,615193,30713,4.76,81.2,18.5,3,5.3,3.7,2.89,41.6,12.9,2.1,83.9,77.9,76.8,541541,2.1,1.3,0.7,4,1.9,35.7,0.6,64.3,94.6,86258,27.2,40.8,61043,33363,44465,0.1,0.5,0,38709,2.19,1221744,11.6,8.4,15.3,
42005,Pennsylvania,Armstrong County,72392,68941,68484,68069,67856,67419,66638,66132,65642,5.2,5,20.6,18.4,20.4,46,50.7,98,0.8,0.48,0.1,0.01,0.2,0.12,NA,0,0.04,0.8,0.43,0.5,0.71,97.7,97.25,98.3,91.2,0.8,1.8,5.1,87.7,89.1,89.3,24.8,25.5,13.9,15.5,15.2,6868,10.2,27.7,29.7,71.8,79.8,32520,76.4,10.2,89100,28814,28242,2.37,2.34,21828,25673.08,1,42752,46968,47527,1298,13338,-20,3221,4908,NA,NA,NA,NA,NA,25.5,370895,NA,532139,7734,39542,60,698238,653.2,105.5,none,11.7,13.8,13,25.8,19.8,32834,31192,1642,5,33403,31430,1973,5.91,33102,30082,3020,9.12,33637,30578,3059,9.09,33635,30875,2760,8.21,33903,31181,2722,8.03,33613,31035,2578,7.67,33153,31015,2138,6.45,33025,30832,2193,6.64,33101,30619,2482,7.5,5.9,3.3,3.3,0.2,32676,30667,2009,6.15,80.8,21.6,2.8,4.9,0.3,2.83,16.7,0.8,0.8,74.9,71.5,66.3,28137,0.3,0.3,0,2.1,0.7,24,9.3,76,90.3,64440,NA,46.6,51410,27409,36285,0,0.1,0,27715,2.31,65867,11.1,9.3,15.4,1.1,5.3,4.2,0.1,3.5,5.4,9.9,97.7,97.1
42007,Pennsylvania,Beaver County,181412,170539,170318,170095,169832,169185,168526,167123,166140,5.3,5.2,20.5,18.6,20,44.9,51.8,91.2,6.3,2.98,0.1,0.04,0.4,0.24,NA,0.02,0.19,1.7,1.23,1.2,1.48,90.4,89.68,97.3,89.4,1.9,4.5,4.7,89.6,91.9,92.7,29.4,29.9,19.2,23.4,24,17135,9.7,24.8,25.6,76.1,82.6,78211,75.2,17.3,112400,70350,70384,2.38,2.35,24168,29081.7,1,46190,54715,53981,3433,47878,-3.4,8361,11685,3,NA,NA,NA,NA,26.5,4708830,1180098,1555258,8989,156309,337,1541327,434.71,392.3,none,11.1,9.7,10.8,16.8,15.6,88933,84904,4029,4.53,90548,85593,4955,5.47,89935,82665,7270,8.08,85609,78261,7348,8.58,85921,79210,6711,7.81,86889,80346,6543,7.53,86545,80291,6254,7.23,85927,80357,5570,6.48,85780,80594,5186,6.05,85343,80061,5282,6.19,5.1,1.8,1.8,0.1,84912,80204,4708,5.54,80.6,20.9,3,5.1,0.5,2.86,24.7,5.8,1.6,80.8,73.4,72.9,71167,0.4,0.5,0.2,2.3,1.6,26.9,3.9,73.1,93.1,72337,NA,45.1,57807,30666,40535,0.1,0.4,0.1,31305,2.29,165833,11,7.2,17.3,2.8,4.7,3.8,0.1,1.1,0.5,9.2,90.4,89.5
42009,Pennsylvania,Bedford County,49984,49762,49615,49580,49348,49186,48789,48652,48480,5.3,4.9,21.6,19,21.5,45.9,50.4,98,0.5,0.22,0.2,0.06,0.2,0.12,NA,0,0.14,0.8,0.64,0.9,1.14,97.5,96.89,97.4,91.2,0.6,2.3,6.2,83.9,86.7,87,22.1,21.6,12.5,13.8,13.8,4722,9.7,26.9,27.2,69,76.7,23954,79.7,7.9,112800,19913,19666,2.49,2.46,20545,23947.15,0,40249,44834,48703,1098,13043,-12,3279,4459,NA,NA,NA,NA,NA,NA,728654,295488,581577,11712,70289,108,407092,1012.3,49.2,none,13.5,13.7,13.6,22.2,18.6,23545,22215,1330,5.65,24468,22801,1667,6.81,24282,21639,2643,10.88,25366,22810,2556,10.08,24974,22705,2269,9.09,25078,22915,2163,8.63,24715,22645,2070,8.38,24263,22659,1604,6.61,24125,22660,1465,6.07,24058,22650,1408,5.85,7.8,6.3,6.1,0.5,23757,22527,1230,5.18,80.3,22.2,3.1,4.8,0.4,2.95,14.7,0.6,1.2,73.4,67,60.4,19882,0.2,0.4,0.1,1.8,1.2,20.9,13.8,79.1,87.9,62121,NA,46.5,50509,26133,32393,0.1,0.2,0,26078,2.41,48337,11.9,9.4,14.5,1,4.1,6.8,0.6,6,7,8.9,97.6,96.7
42011,Pennsylvania,Berks County,373638,411442,412857,413522,414011,414642,415261,415732,417854,6.1,5.9,23.9,14.5,16.3,39.9,50.9,83.2,4.9,2.54,0.3,0.44,1.3,0.7,0,0.01,2.04,2.5,2.86,16.4,19.59,76.9,73.23,81.7,85.1,6.5,16.2,5.7,83.1,85.5,86,23.8,24.4,21.7,23.6,23.9,32200,7.6,23.6,24.9,78.6,85.5,164827,73.1,18.4,170400,153307,153876,2.56,2.61,25518,29214.56,1,53470,59205,59580,8413,144462,-3,23035,30325,3.4,NA,1.7,NA,5.5,27.3,8461848,4417612,4953210,12307,445993,415,2542863,856.51,480.4,partial,12.4,13.1,13.6,22.1,21,203068,194447,8621,4.25,206505,195467,11038,5.35,203891,186095,17796,8.73,210144,191914,18230,8.68,210158,193585,16573,7.89,211794,195561,16233,7.66,211343,196271,15072,7.13,211004,199415,11589,5.49,212498,202014,10484,4.93,213262,202663,10599,4.97,7.6,4.7,5.4,0.4,212082,202309,9773,4.61,77.5,16.9,2.3,5.8,1.4,3.13,24.9,5.4,21,82.6,75.2,75.9,154712,0.9,4.7,0.5,3.3,15.3,28.5,3.1,71.5,86.7,82739,25.2,39.9,63728,30695,41313,0.6,5.6,0,31571,2.62,418025,12,8,18.7,4.6,5.3,6,0.5,4.6,4
42013,Pennsylvania,Blair County,129144,127089,126989,126593,125977,125502,124818,123927,123457,5.7,5.5,21.1,17.7,19.4,43.1,51.4,96.2,1.7,0.75,0.1,0.01,0.6,0.35,NA,0.02,0.17,1.2,0.86,1,1.18,95.6,94.81,97.7,87.5,1,2.7,5.2,89.7,90.6,90.7,23,24.2,17.3,19.5,20.3,13064,10.6,19.6,20.1,72.3,80.1,56276,73,17.6,97400,51651,51638,2.39,2.35,22880,25580,1,42363,44197,45664,3220,49683,-4.2,6059,8728,NA,NA,NA,NA,NA,27.3,1931222,1511209,2038719,16182,178855,159,1281672,525.8,241.7,partial,12.9,13.6,15.2,27.2,21.3,65094,62365,2729,4.19,65574,62177,3397,5.18,65096,60447,4649,7.14,61779,56831,4948,8.01,61523,57040,4483,7.29,61847,57248,4599,7.44,61529,57239,4290,6.97,60948,57452,3496,5.74,60989,57845,3144,5.16,60866,57654,3212,5.28,6.2,3.1,3.5,0.3,60219,57300,2919,4.85,79.6,20.3,2.9,5.3,0.6,2.85,21.3,1.7,1.3,78.4,71.8,69.5,52126,0.4,0.4,0,1.9,0.6,30.2,6.8,69.8,91.4,65290,NA,43.4,49181,27166,35737,0.1,0.3,0,28119,2.3,123157,14.7,9.2,20.5,1.7,3.9,4.8,0.5,3.4,3.9,9.3,95.5,94.6
42015,Pennsylvania,Bradford County,62761,62622,63068,62969,62475,61876,61539,60986,60853,6,5.9,22.7,17.8,19.9,44.4,50.8,97.5,0.5,0.29,0.2,0.03,0.5,0.3,NA,0.01,0.21,1,0.67,1.1,1.43,96.7,96.09,97.8,88.9,1.2,2.5,5.8,85.4,88.89999999999999,89.1,22.9,23.7,15.7,17.7,18,6258,12,22.7,22.5,73.8,82.4,29979,74.8,11.8,101700,24861,24851,2.48,2.44,20979,27059.02,0,40543,50567,50900,1341,17314,-8.3,3661,5145,NA,NA,NA,NA,NA,22.8,1772445,NA,727813,11864,48780,175,472717,1147.4,54.6,partial,13.6,11.5,12.2,17.8,18.1,30827,29368,1459,4.73,31147,29509,1638,5.26,31343,28724,2619,8.36,30819,28590,2229,7.23,32015,29942,2073,6.48,32637,30393,2244,6.88,31861,29538,2323,7.29,31627,29908,1719,5.44,31366,29509,1857,5.92,30182,28210,1972,6.53,7.8,6,6.4,0.2,29363,27854,1509,5.14,78,20.8,3.1,6,0.7,2.91,18.7,0.6,1.5,79.3,72.9,65.2,25021,0.7,0.3,0.3,1.6,1.4,26,13.6,74,90.1,68533,23.1,44.5,52358,27407,36363,0,0.5,0.2,28392,2.41,60963,12.7,9.6,18.9,1.3,4.5,6.7,0.4,5.6,5.4,11.7,96.7,95.7
42017,Pennsylvania,Bucks County,597635,625249,626067,625572,625321,625806,626209,626751,628341,5.5,4.9,23,14.6,17.1,43.6,51,89.2,3.6,1.98,0.2,0.09,3.8,2.3,NA,0,0.52,1.7,0.9,4.3,5.01,86.9,84.82,88.4,92.5,8.1,10.5,4.9,91.9,93.6,93.7,25,25,34.5,38.4,39.4,44252,7.1,28.1,29.8,86.4,90.8,245956,78.5,19.3,321500,229552,235909,2.65,2.61,35687,41704.21,1,74828,80132,82031,18943,248606,0.4,47742,65114,1.5,NA,3.5,NA,2,24.9,9316305,9859583,13089805,21067,970247,474,3833253,604.31,1034.7,partial,4.9,6.6,6.1,8.7,7.3,347367,334141,13226,3.81,353465,336821,16644,4.71,343918,318801,25117,7.3,337143,311416,25727,7.63,336338,311776,24562,7.3,338741,314424,24317,7.18,337185,314947,22238,6.6,335296,317708,17588,5.25,337571,321809,15762,4.67,340936,325193,15743,4.62,4.8,1.6,2.7,0.4,341433,326960,14473,4.24,79.4,18.1,2.4,4.8,4.8,3.1,41.3,4,5.3,88.9,85.6,81.9,238830,2.3,2.6,0.6,7.1,4.2,23,1.8,77,93.9,118035,30.8,43.9,89139,40466,52898,0.2,1.3,0,45849,2.58,626806,5.9,5.6,7.2,2,3.9,4,0.4,2.2,1.8,6.8,87.6,84.1
42019,Pennsylvania,Butler County,174083,183862,184611,184854,185015,185701,185891,186207,187108,5.4,5.1,22.4,15.1,17.3,43.1,50.8,96.6,1.1,0.47,0.1,0.03,1,0.58,NA,0.02,0.1,0.9,0.75,1.1,1.39,95.9,95.01,97,88.3,1.7,3.4,4.7,91.9,93.5,94.1,26,26.1,28.8,33.3,34.6,16573,9.5,26.3,26.8,81.3,87.4,78167,77,14,159000,71911,75596,2.48,2.38,28446,36026.47,1,56878,66277,66037,4643,74304,17.3,11146,15493,NA,NA,NA,NA,0.6,27.3,5361964,2580221,2527258,13849,269549,523,1544588,788.6,233.1,comprehensive,8.3,7.3,8.4,11.1,9.4,96948,93055,3893,4.02,99234,94635,4599,4.63,99691,92726,6965,6.99,95779,88723,7056,7.37,96647,90202,6445,6.67,97980,91687,6293,6.42,97875,91851,6024,6.15,97441,92512,4929,5.06,98098,93467,4631,4.72,98638,93646,4992,5.06,4.3,1.2,2,0,98326,93801,4525,4.6,79.8,18.2,2.7,5.1,1.2,2.89,36,1,1.5,84.7,80,75.5,76502,1.1,0.5,0.1,2,1.5,24.1,8.1,75.9,94.9,92027,NA,43.3,70668,34235,46486,0,0.2,0,37811,2.37,186899,8.2,5.7,9.3,1.7,3.5,3.2,0,1.1,1.3,8.8,95.8,94.7
42021,Pennsylvania,Cambria County,152598,143679,142561,141518,138749,137386,135854,134313,133054,5,4.9,19.7,18.8,20.9,45,50.6,94.1,3.6,1.66,0.1,0.02,0.5,0.25,NA,0.01,0.14,1.2,1.03,1.4,1.54,93.3,93.01,97.3,88.8,1.5,3.4,5.2,87.6,90.4,90.8,24.7,24.9,17.5,20.2,20.9,15608,10.4,22.3,24.1,71.8,79.1,65650,73.8,16.1,86000,58802,57154,2.33,2.24,21278,26091.07,1,39574,43614,44943,3439,50616,-1.6,6537,9667,1,NA,1.5,NA,NA,24,1439815,582513,1626462,11212,155969,117,2544973,688.35,208.7,partial,13.7,15.6,15.6,30.6,24.9,68335,64702,3633,5.32,69579,65313,4266,6.13,69068,63172,5896,8.54,66749,60459,6290,9.42,66182,60428,5754,8.69,65981,60185,5796,8.78,64644,59005,5639,8.72,63007,58607,4400,6.98,62331,58242,4089,6.56,61359,57192,4167,6.79,5.6,3.6,2.6,0.1,59765,56138,3627,6.07,80.7,22,3.4,5,0.4,2.8,21.1,3.5,1.6,76.2,69.3,65.5,56674,0.3,0.3,0.3,1.6,1.4,25.9,3.9,74.1,92,60457,24.4,45.4,46659,25590,34035,0,0.4,0,26008,2.23,133009,15.4,8.8,25.3,2.1,5.4,4.2,0.2,2.5,3.6,10,93.5,92.7
42025,Pennsylvania,Carbon County,58802,65249,65091,64810,64548,64259,63758,63515,63853,5.3,4.6,20.8,17.8,19.7,45.7,50.7,95.8,1.5,0.91,0.2,0.02,0.5,0.23,NA,0.01,0.18,1.2,0.57,3.3,4.26,93.7,92.42,96.2,89.9,2.6,4.3,4.6,86.7,89.2,89.6,26.5,27.3,14.6,16,16,6558,10.5,31.1,31.9,74.4,83.5,34299,80.2,8.8,139800,26111,25978,2.45,2.43,22956,25551.85,1,47744,51021,51236,1140,13577,-5.9,3319,5149,2,NA,NA,NA,NA,28.1,514283,35793,483916,7661,104719,149,497620,381.46,171.1,partial,10.5,13.1,12.8,28.5,22.2,31081,29413,1668,5.37,31601,29475,2126,6.73,31454,28281,3173,10.09,31792,28427,3365,10.58,31879,28676,3203,10.05,32315,29083,3232,10,32230,29228,3002,9.31,31594,29352,2242,7.1,31454,29549,1905,6.06,31570,29689,1881,5.96,6.5,2.1,2.9,0,31500,29747,1753,5.57,80.6,20.7,2.8,4.6,0.6,2.93,17.9,2.3,4.8,79.9,72.9,71.7,26043,0.4,1,0,2.9,2.8,24.2,3.8,75.8,89.4,70428,NA,46.2,57006,29134,38573,0.2,0.4,0,29202,2.42,63887,11.7,8.1,19.4,0.8,6.2,4.2,0.1,2.1,3,10.1,95.7,91.7
42027,Pennsylvania,Centre County,135758,153990,155039,155909,158298,159637,160553,162083,162660,4.4,4.1,15.9,11.3,12.9,31.3,48.2,89.4,3,1.99,0.1,0.06,5.2,3.01,0,0.02,0.25,1.5,0.79,2.4,2.84,87.9,85.79,88.8,71.1,6.6,9.2,3.7,92.6,93.30000000000001,93.5,19.8,19.3,40,42.4,43.7,9870,6.1,19.3,20.4,81,90.1,63297,60.1,29.6,175800,54971,57710,2.41,2.48,23744,30240.73,1,47016,59070,56466,3180,42376,-9.4,8782,11078,0.8,NA,2,NA,0.9,25.5,1216463,572296,1604290,11134,240050,426,1316768,1109.92,138.7,partial,18.5,17,18.4,13.4,11.9,73700,71112,2588,3.51,75538,72293,3245,4.3,75320,70944,4376,5.81,77337,72738,4599,5.95,77398,73197,4201,5.43,77565,73311,4254,5.48,78021,73911,4110,5.27,77636,74299,3337,4.3,77805,74712,3093,3.98,78955,75660,3295,4.17,5.9,6,5.5,0,78636,75729,2907,3.7,85,13.8,1.8,3.9,6.1,2.95,45.5,3.8,2.9,82.1,85.2,79.1,58201,5.1,2.1,1,5.1,2.5,38.5,4.3,61.5,94.3,80941,20.4,32.3,60403,26079,40929,0.1,0.6,0,30753,2.46,161960,18.2,4.4,10.7,1.8,3.9,5.6,0.4,6.5,7.6,5.8,87.6,85.4
42029,Pennsylvania,Chester County,433501,498886,503404,506283,509388,512864,515226,516489,519293,6.2,5.6,24.9,12.8,15,40.3,50.9,85.5,6.1,2.93,0.2,0.06,3.9,2.44,NA,0.01,0.6,1.8,1.06,6.5,7.24,82.1,80.23,87.9,88.5,8.3,11.4,5,92.5,92.9,92.9,20.2,19.9,47.8,50.2,51,33394,6.6,27.9,27.9,86.2,91.2,192462,77.1,18.4,334300,181136,188613,2.63,2.65,41251,46758.87,1,84741,92551,92417,13860,231960,22,37430,49835,2.3,NA,2.8,NA,1.4,26.5,6753001,8571403,11338422,23255,783220,1112,4383451,750.51,664.7,none,6.2,7,6.9,9.3,7.9,267222,258865,8357,3.13,274238,263491,10747,3.92,268122,251383,16739,6.24,269534,252693,16841,6.25,270047,254455,15592,5.77,272976,257623,15353,5.62,273546,259098,14448,5.28,273880,262490,11390,4.16,277062,266506,10556,3.81,280415,269548,10867,3.88,6.5,5.2,5.1,0.3,281136,271053,10083,3.59,77.1,15.9,2.1,5.6,5.5,3.14,53,5.9,7.4,88.8,86.6,79.6,190980,2.8,2,0.5,5,5,25,2.4,75,93.6,135669,28.6,40.4,100214,43323,57770,0.1,1.5,0,50927,2.65,519560,6.4,4.9,7.3,2.3,3.7,5.3,0.4,4.5,4.6,6.3,84.8,7
42031,Pennsylvania,Clarion County,41765,39988,39890,39445,39037,38861,38821,38558,38458,5.1,5,19.4,16.4,18.3,41.3,51.6,97.2,1.2,0.58,0.1,0.09,0.5,0.27,NA,0.02,0.07,0.8,0.57,0.6,0.8,96.8,96.25,95.9,83.9,0.9,2.8,5.6,87.2,88.5,89,21.5,21.3,17.2,20.9,21.8,3634,9.1,21.1,22.5,73.7,81.4,19962,71.3,13.2,97800,15742,15925,2.43,2.35,20259,24022.98,0,40028,44670,44373,970,11228,-11.3,2576,3460,NA,NA,NA,NA,NA,NA,586557,287384,421097,10563,51159,47,348244,600.83,66.6,partial,15.8,15.2,17.5,24.7,23,20286,19319,967,4.77,20835,19537,1298,6.23,20658,18702,1956,9.47,19574,17571,2003,10.23,19104,17208,1896,9.92,19001,17296,1705,8.97,18681,17167,1514,8.1,18439,17283,1156,6.27,18269,17177,1092,5.98,18031,16922,1109,6.15,8.3,10.1,9.2,0.3,17723,16722,1001,5.65,81.1,19.1,2.2,5.1,0.6,2.88,22.1,1.4,1,76.9,73.2,67.8,16021,0.6,0.4,0,2.1,0.8,30.9,10.1,69.1,90.1,60001,23.8,41.5,46680,24572,33969,0.1,0.1,0.1,25157,2.34,38715,16.3,9.9,20.2,1.4,5.1,7.5,0.2,11.1,11.5,8.7,96.4,96
42033,Pennsylvania,Clearfield County,83382,81642,81364,81349,81378,80947,80651,80035,79685,5,4.6,20,17.5,19.2,44.2,48.4,95.4,2.3,1.37,0.1,0.1,0.5,0.29,NA,0,0.13,0.9,0.5,2.3,2.89,94.4,93.13,95.6,88.1,0.9,3.2,4.1,86,87.10000000000001,86.8,23.1,23,12.3,13.2,14.1,8555,9.6,24.2,24.4,68.2,78,38644,76.7,10.7,82900,32823,31152,2.37,2.41,20142,23348.96,0,37130,46173,45188,1973,24774,-7,4356,5353,NA,NA,NA,NA,NA,26.1,NA,NA,1150136,13875,88010,124,700815,1144.72,71.3,partial,14.7,14.1,15.3,30,23.8,40780,38551,2229,5.47,40775,38038,2737,6.71,40730,36674,4056,9.96,38076,34101,3975,10.44,38041,34474,3567,9.38,38232,34657,3575,9.35,37793,34383,3410,9.02,36700,34052,2648,7.22,36412,33990,2422,6.65,36318,33672,2646,7.29,7.6,3.6,4.9,0.3,35854,33714,2140,5.97,81.4,20.1,2.7,4.7,0.5,2.9,15.1,2.9,3,72.9,69.6,64.6,31248,0.3,0.2,0,1.4,0.9,23.2,11.7,76.8,87.2,60829,NA,45,49015,24994,32366,0.2,0.3,0,24403,2.38,79908,14.6,8.8,24.2,1.4,5.8,5.1,0.3,4.6,4.4,9.4,94.7,93
42035,Pennsylvania,Clinton County,37914,39238,39471,39696,39798,39456,39367,38985,38998,5.6,5.4,20.7,16.2,17.6,38.5,51,96.5,1.6,0.76,0.1,0.07,0.5,0.35,NA,0.01,0.12,0.8,0.57,1.1,1.42,95.9,95.3,94,82.2,1.4,4.4,5.4,85.6,87.6,87.7,24.1,23.5,16.7,17.5,18,3818,9.4,23.6,22.6,71.9,81.7,19080,72.5,16.1,98400,15238,14675,2.38,2.55,19261,23111.37,0,39354,46742,47990,731,10699,2,1777,2479,NA,NA,NA,NA,NA,24.6,1214979,NA,520692,14025,43233,31,329100,887.98,44.2,comprehensive,15.5,17.8,17.2,34.7,24.2,19149,18145,1004,5.24,19460,18258,1202,6.18,19338,17629,1709,8.84,18749,16987,1762,9.4,19180,17575,1605,8.37,19461,17741,1720,8.84,19289,17545,1744,9.04,18968,17585,1383,7.29,18762,17470,1292,6.89,18560,17247,1313,7.07,9.5,15.8,13,0,18317,17182,1135,6.2,79.8,18.3,2.9,5.3,0.8,3.12,19.5,1.8,1.5,76.7,73.5,67.7,14690,0.7,0.9,0.2,3.4,1.3,29.8,7.8,70.2,89.3,64851,NA,38.6,50923,25229,35824,0.3,0.2,0,25794,2.54,38915,15.5,9.8,18.1,0.7,5,7.1,0.3,9.9,10.7,9.3,96.2,95.2
42037,Pennsylvania,Columbia County,64151,67295,67056,67033,67193,67108,66688,66152,65932,4.8,4.6,18.7,16.1,17.9,40.5,52,95.4,1.9,0.92,0.1,0.06,0.8,0.58,NA,0.02,0.37,1.1,0.51,2,2.59,94.4,93.42,97,86,1.9,3.2,3.3,86.7,89,89.7,23,23.5,18.3,21.4,21.6,6003,8,20.9,22.3,73.4,81.6,29498,71.5,16.8,118800,25884,26564,2.41,2.34,22403,26931.62,1,42788,48821,48395,1438,21687,-12.9,3198,4929,NA,NA,NA,NA,NA,25.1,NA,109948,826209,12752,90614,123,498759,483.11,139.3,none,13.7,13.5,15.9,22.5,17.8,35206,33429,1777,5.05,36409,34273,2136,5.87,36446,33328,3118,8.56,34736,31496,3240,9.33,34786,31779,3007,8.64,35512,32550,2962,8.34,35337,32620,2717,7.69,34233,32105,2128,6.22,33735,31827,1908,5.66,33905,32028,1877,5.54,5.4,2.8,2.9,0,33804,32039,1765,5.22,82.3,18.9,2.6,4.5,1.1,2.88,22.9,1.8,2.8,77.7,72.6,69.3,26372,0.5,0.4,0.4,1.8,1.3,30.8,8.1,69.2,90.3,65648,NA,41,50550,27199,36721,0.1,0.7,0,26787,2.32,65715,15,9.7,17.9,1.1,4.4,4.4,0.3,3.3,3.7,7.6,95.1,93.2
42039,Pennsylvania,Crawford County,90366,88765,88188,87754,87579,87293,86701,86505,86159,5.7,5.4,22.4,16.6,18.9,42.8,51.2,96.3,1.7,0.97,0.2,0.03,0.5,0.21,NA,0.01,0.15,1.1,0.79,0.9,1.2,95.7,95.06,94,86.4,1.2,5.7,5.9,85.8,88.30000000000001,88.3,22.8,22.3,18.3,20.6,20.4,8558,9.7,21,22,72.9,81.4,44686,74,12.8,97900,35456,35102,2.42,2.38,20383,25627.31,0,38924,45388,47179,2108,26249,-8.6,5455,6868,NA,NA,NA,NA,NA,21.5,1632637,146718,877346,9859,90060,108,725180,1012.3,87.7,none,15.8,14.4,14.5,26.1,19.6,42787,40674,2113,4.94,43562,41116,2446,5.61,42885,38649,4236,9.88,41696,37748,3948,9.47,41531,38207,3324,8,41984,38782,3202,7.63,41792,38772,3020,7.23,41255,38863,2392,5.8,41044,38908,2136,5.2,40512,38079,2433,6.01,10.6,11.6,11.6,0.9,39398,37231,2167,5.5,79.1,20,2,5.5,0.6,2.85,21.1,1.6,1.3,77.7,71.3,66,35164,0.5,0.6,0.1,3.4,1,27.1,11.2,72.9,89,64730,NA,43.2,50304,26199,34700,0,0.3,0,26582,2.34,85665,13.2,7.9,18.3,2,4.9,8.5,0.8,11,12.5,8.9,95.5,94.8
42041,Pennsylvania,Cumberland County,213674,235406,237029,239268,241200,243596,246244,247901,250066,5.4,5.4,20.7,15.6,17.4,40.5,50.9,90.9,3.2,1.85,0.2,0.05,3,1.98,NA,0,0.57,1.8,1.15,2.7,3.54,89.4,86.87,91.1,84.6,4.8,7.6,4.9,90.4,91.30000000000001,91.9,23.8,24,32.3,33.6,34.7,22134,10.1,21,22.1,80.5,87.6,99988,72.4,19.6,174600,93739,97919,2.31,2.38,30119,35071.01,1,60219,64116,65544,5741,116406,0.9,13988,19279,1.5,NA,2.4,NA,NA,22.5,3472636,3657759,3684912,16179,402745,832,2284049,545.46,431.6,none,6.5,7.9,7.8,12,10,123188,119168,4020,3.26,125832,120498,5334,4.24,124899,116621,8278,6.63,124446,115938,8508,6.84,124438,116524,7914,6.36,125779,117989,7790,6.19,125782,118596,7186,5.71,126113,120455,5658,4.49,128389,123266,5123,3.99,130153,124869,5284,4.06,6.1,7,5.6,0.6,129985,125031,4954,3.81,79.7,18.1,2.6,5.4,4.3,2.93,36.6,4,3.9,84.7,82.4,77,99804,2.4,1.6,0.7,4.4,2.6,29.7,4.6,70.3,92.3,90607,22.5,40.6,71269,35935,45252,0.1,1.2,0,37500,2.37,249328,6.9,4.7,9.3,2.7,3,5.5,0.4,6.1,7.3,9.2,87.7,85
42043,Pennsylvania,Dauphin County,251798,268100,269106,269940,271420,272219,273176,274121,275710,6.3,6.3,23.2,13.7,15.7,39.6,51.7,72.7,18,9.36,0.2,0.1,3.2,1.96,0,0.01,1.28,3.1,1.6,7,8.53,69.9,67.09,88.1,84.6,5.6,10.3,6,88.5,89.1,89.8,25.8,25.7,27.1,29.3,29.8,23736,8.3,20.7,22,78.1,85.8,120406,65.5,24.6,153100,107808,111489,2.42,2.39,27727,31429.29,1,52371,59958,57071,6866,142403,4.6,14099,19512,7.9,0.4,3.9,NA,NA,24.3,NA,6456618,3869515,15064,676791,691,5803841,525.05,510.6,partial,11.9,11.3,13.2,24.2,19.7,135823,130509,5314,3.91,138090,131631,6459,4.68,137073,126848,10225,7.46,140563,129288,11275,8.02,140465,129834,10631,7.57,141151,130682,10469,7.42,140471,130890,9581,6.82,139336,131892,7444,5.34,140983,134421,6562,4.65,142150,135382,6768,4.76,7.1,4.8,4.1,0.3,141982,135578,6404,4.51,77.5,16.5,2.2,6.2,4.4,3.03,30.8,19.5,9.2,81.7,74.9,75.6,112212,1.9,2.6,0.9,3.6,5.7,36.8,2.4,63.2,89.8,80556,22,39.7,60715,33232,41708,0.3,2.6,0,33639,2.39,275632,12.3,6.8,20.2,3.1,4.1,5.3,0.2,3.4,3.9,8.1,7
42045,Pennsylvania,Delaware County,550864,558979,559079,560782,561609,562913,563705,563995,564696,6.1,6,23.3,14.3,15.4,39,52.1,72.5,19.7,10.59,0.2,0.07,4.7,2.73,NA,0.01,0.57,2,1.16,3,3.57,71.1,67.96,88.3,88.9,8.5,10.9,5.2,90.5,92.4,92.7,24,24,34.7,36.8,37.7,39171,6.4,27.4,29,82.2,88.8,222902,71.8,23.7,232300,206542,204870,2.59,2.64,32067,36940.53,1,61876,67773,69839,12870,206780,-4.7,36484,47789,8.4,NA,5.5,NA,NA,28.4,19060350,4219965,6358447,11456,779477,363,6089156,183.84,3040.5,comprehensive,9.4,10.8,10.4,15.5,13.7,283132,271606,11526,4.07,287490,273179,14311,4.98,280088,258803,21285,7.6,286181,263281,22900,8,286902,264651,22251,7.76,289577,267287,22290,7.7,290490,270005,20485,7.05,290198,274167,16031,5.52,291513,277251,14262,4.89,294250,279941,14309,4.86,6.2,3,3.1,0.3,294762,281424,13338,4.53,77.9,16,2.5,6,5.7,3.24,39,21.6,3.8,86.1,80.9,81,207257,3.4,2.7,1.9,5.8,3,31.2,0.3,68.8,93.1,105826,29.7,39,74477,35628,47899,0.2,1.2,0,40026,2.62,564554,10,6.8,13.5,2.6,5,4.8,0.3,2.1,2,6,68.7,6
42049,Pennsylvania,Erie County,280843,280566,281288,281503,280647,279351,278111,276321,274541,6,5.7,22.7,14.6,16.3,39,50.8,88.2,7.2,3.57,0.2,0.13,1.1,0.81,NA,0.01,0.47,2.1,1.44,3.4,4.01,86.5,84.79,93.3,83.9,3.8,6.1,5.1,89,91.1,90.9,24.3,23.9,23.3,27,27.4,24117,9.2,18.6,19.3,76.4,85.1,119138,69.2,25,111300,108252,110377,2.46,2.4,22644,27020,1,43595,48820,48192,6552,114158,-6.7,13850,19610,3.2,0.3,NA,NA,1.2,23.5,6890810,1157206,3428421,12253,428110,586,2174397,799.15,351.1,partial,15.6,15.7,16.8,32.3,24.7,140590,133805,6785,4.83,141912,133934,7978,5.62,139893,127432,12461,8.91,136359,123672,12687,9.3,137284,126097,11187,8.15,137421,126706,10715,7.8,136002,125897,10105,7.43,134640,126306,8334,6.19,134748,127337,7411,5.5,133626,124927,8699,6.51,6.3,3.2,3.1,0.2,130755,123192,7563,5.78,78.5,17.4,2.5,5.6,1.7,2.96,27.9,7.2,4.2,81.2,74.2,74.2,110318,0.9,1.6,1,2.9,2.8,33.9,5.2,66.1,91.3,68976,NA,39.7,51529,26585,35867,0.3,1.2,0,28306,2.36,273835,16,8.5,23.1,3.2,5.1,4.6,0.1,2.3,2.2,9.1,86.5,84.2
42051,Pennsylvania,Fayette County,148644,136606,135984,135254,134586,134027,133290,132392,131504,5,5,20.3,18,19.6,44.6,50.9,93.3,4.6,1.99,0.1,0.02,0.3,0.1,NA,0.11,0.13,1.3,1.27,0.8,1.08,92.9,92.09,97.2,89.3,1,2.9,5.5,82.9,87.3,87.9,22.2,22.8,13.9,14.7,15.4,12655,9.1,23.8,26.3,67.9,75.9,62773,73,13.2,82500,55363,54043,2.43,2.38,19209,24031.51,1,34796,42056,41632,2746,37098,9,6193,8796,1.5,NA,NA,NA,NA,23.5,1161382,528140,1535518,10661,246895,240,1663346,790.34,172.8,none,19.2,17.5,18.8,31.2,30.2,65659,61917,3742,5.7,66718,62362,4356,6.53,66011,59957,6054,9.17,59532,53133,6399,10.75,59674,53676,5998,10.05,60256,54272,5984,9.93,59731,53986,5745,9.62,58474,53870,4604,7.87,58364,53985,4379,7.5,58453,53717,4736,8.1,6.6,2.3,2.4,0,57811,53806,4005,6.93,80.7,20.6,2.9,5.1,0.4,2.87,17.3,4.2,1.2,75.1,67.4,66.8,54837,0.4,0.3,0.3,2.2,1.4,25.6,10.1,74.4,88.4,64484,27.1,45,47364,25235,36573,0,0.5,0.1,27368,2.3,131302,17.3,10.8,27.2,2.4,6.4,4.7,0.1,1.7,2.2,8.7,92.5,91.8
42055,Pennsylvania,Franklin County,129313,149618,150952,151477,151855,152459,152903,153564,154234,6.6,5.9,23.9,16.5,18.5,41.3,51.1,92,3.1,1.97,0.2,0.1,0.9,0.5,NA,0.02,0.27,1.8,0.63,4.3,5.27,90.2,88.65,93.3,87.6,3.4,6.5,4.5,83.8,86.6,87.1,23.4,24.1,18.3,20.1,20.6,14406,10.9,23.3,24.4,74.7,82.6,63219,74.3,15.3,175000,58290,60102,2.46,2.51,25307,28919.12,1,51035,59474,58267,3107,47245,11.9,8602,10759,NA,NA,NA,NA,1.1,27,3244364,NA,1749971,12323,164527,570,1331830,772.22,193.7,partial,8.2,9.1,10.4,18.4,15.2,80752,78014,2738,3.39,82775,79218,3557,4.3,80943,74404,6539,8.08,75710,69255,6455,8.53,75527,69996,5531,7.32,76335,70982,5353,7.01,76619,71558,5061,6.61,76516,72353,4163,5.44,77850,73988,3862,4.96,77509,73517,3992,5.15,10.4,12.7,11.3,0.9,76656,73242,3414,4.45,77.5,19.2,2.7,6,0.8,3.02,21.6,3.7,5.6,80.5,76.7,70.5,60438,0.7,1.5,0.2,2.3,4.1,28.8,7.8,71.2,88.3,78332,NA,41.6,63379,31630,39674,0.3,0.6,0,31221,2.51,154147,9.3,6.8,14.8,2.1,4.6,9,1.3,10.2,11,10.3,92.4,88.1
42063,Pennsylvania,Indiana County,89605,88880,88608,88246,88195,87486,86867,85256,84953,5.1,4.8,19,15.7,17.6,39.7,50.3,94.9,2.7,1.16,0.1,0.1,0.9,0.54,NA,0.01,0.1,0.9,0.79,1.1,1.27,94.4,93.93,93.5,81.7,1.5,4.6,4.5,86.7,89,89.6,22.7,23.2,19.2,22.2,22.7,7874,7.9,23.1,23,69.7,79.1,38236,71.8,16.7,98200,34375,34030,2.44,2.37,20587,26181.01,0,40225,43171,46306,1982,27528,8.1,5018,6934,NA,NA,NA,NA,NA,20.2,NA,492295,1278987,14627,92360,88,783585,827.03,107.5,partial,18.6,20,16.6,25.9,18.9,45705,43578,2127,4.65,46969,44497,2472,5.26,47201,43681,3520,7.46,44078,40250,3828,8.68,44025,40571,3454,7.85,44757,41130,3627,8.1,44097,40686,3411,7.74,43208,40585,2623,6.07,41757,39117,2640,6.32,40229,37304,2925,7.27,9.8,23.3,14.8,0.4,39219,36896,2323,5.92,82,18.8,2.6,4.7,1,2.9,23,2.3,1.3,73.9,69.1,67.6,33246,0.7,0.5,0.1,3.3,0.7,28.8,10.7,71.2,90,66492,24,40.2,49320,23177,35089,0.1,0.3,0,26509,2.38,85032,16.3,8.5,19.8,1.6,5.7,7.6,0.4,12.5,16.6,7.5,94.7,93.9
42065,Pennsylvania,Jefferson County,45932,45200,44899,44775,44814,44477,44240,43955,43804,5.7,5.6,21.6,18.3,19.7,43.9,50.7,98.3,0.3,0.3,0.2,0.12,0.2,0.13,NA,0.02,0.01,0.8,0.4,0.6,0.83,97.9,97.33,95.9,91.2,0.5,2.8,6.5,86.9,89.1,89.2,23,23.3,12,14.8,15.8,4108,9.4,20.3,23.1,69.7,77.2,22434,76.8,11.5,80100,18236,18452,2.47,2.36,20305,23961.44,0,38406,42670,45342,1159,13489,-1.3,3091,4071,NA,NA,NA,NA,NA,24.8,953515,235389,477351,10594,32316,81,420892,652.43,69.3,none,13.7,13.3,14.2,29.4,20.2,23094,22027,1067,4.62,23301,22009,1292,5.54,22837,20692,2145,9.39,21606,19429,2177,10.08,21791,19889,1902,8.73,21756,19946,1810,8.32,21099,19365,1734,8.22,20855,19519,1336,6.41,20970,19690,1280,6.1,20707,19290,1417,6.84,8.6,14.9,10.2,0.1,20572,19418,1154,5.61,78.8,20.6,2.7,5.7,0.3,2.85,15.9,0.5,0.9,73.9,68.4,64,18427,0.4,0.3,0.1,2.9,0.8,25.7,7.2,74.3,89.3,60150,NA,43.9,47603,26079,33963,0.1,0.2,0,25509,2.34,43846,15.1,9.3,23.2,1.1,3.4,7.9,0.2,11.9,12.9,8.6,97.8,97.2
42069,Pennsylvania,Lackawanna County,213295,214437,214359,214175,213675,212710,211781,210872,210761,5.4,5.3,20.5,17.7,18.9,42.2,51.9,92,2.5,1.44,0.2,0.04,1.7,1.27,NA,0.01,0.3,1.5,0.84,5,6.69,89.7,86.65,90.4,87.6,4,7.4,4.2,87.5,90,90.6,26.3,26.1,23.7,26.1,27,19598,8.5,19.7,20.9,73.3,81.6,96832,66.1,29.4,137100,86318,85907,2.37,2.37,24152,27595.78,1,43673,47398,48380,5415,98621,5.6,11013,15566,0.7,NA,NA,NA,NA,23.5,NA,3127587,3178821,15185,360487,265,2436983,459.08,467.1,partial,13.2,14.1,15.4,22,22.2,106909,101792,5117,4.79,108526,102231,6295,5.8,107192,98396,8796,8.21,106990,97405,9585,8.96,107274,97814,9460,8.82,107640,98121,9519,8.84,107645,98710,8935,8.3,106718,99692,7026,6.58,106408,100205,6203,5.83,106792,100755,6037,5.65,5.6,2.3,2.5,0.1,106305,100852,5453,5.13,79.6,19.6,3,5.3,2.8,2.94,28.3,2.8,7.5,79.7,73.2,73.4,87161,1.1,2.5,0.4,4,5.5,35.7,2.3,64.3,91,71187,21.7,42.1,52821,27406,38163,0.1,0.9,0,29899,2.32,210652,14.7,8.1,21.2,2.3,4.3,4.5,0.5,2,1.8,7.9,91.1,85.2
42071,Pennsylvania,Lancaster County,470658,519445,523786,526870,530149,533746,536534,539137,542903,6.8,6.7,24.8,15,16.7,38.5,51.1,88.6,3.7,2.13,0.2,0.08,1.9,1.07,0,0,1.4,2,1.03,8.6,10.03,84.9,82.71,83.3,87.8,4.4,15.6,6.4,82.3,84.7,84.8,21.6,21.7,23.3,25.7,26.5,36398,7.5,21.9,23.1,74.8,84,202952,70.2,19.5,184400,191474,198565,2.59,2.64,25854,29445.45,1,54765,61347,61492,11981,211461,-1.5,36310,46957,1.6,NA,2.1,NA,1.9,25.4,13269853,6333643,6542276,13101,763937,1381,2905940,943.81,550.4,partial,9.7,10.7,10.4,16.4,14.7,269595,260379,9216,3.42,274555,262878,11677,4.25,269564,250126,19438,7.21,268009,247920,20089,7.5,265997,247727,18270,6.87,269189,251655,17534,6.51,270471,254188,16283,6.02,272597,260021,12576,4.61,275981,264626,11355,4.11,279894,268337,11557,4.13,12,18.1,16,1.8,280293,269590,10703,3.82,76.3,17.5,2.7,6.6,2.2,3.13,27.3,4.2,10.5,78.6,76.9,73.4,201620,1.3,3.2,0.9,6.7,8.1,31.9,3.6,68.1,85,84931,23.3,38.6,66056,31318,40685,0.2,2.5,0,32194,2.63,540999,10.1,6.4,14.4,2.5,3.4,11.7,2,
42073,Pennsylvania,Lawrence County,94643,91108,90452,89860,89337,88801,88317,87631,87069,5.3,5.1,21.2,18.8,20.7,44.9,51.8,93.8,3.8,1.79,0.1,0.03,0.4,0.23,NA,0,0.32,1.6,1.13,1,1.3,93.2,92.03,96,91,1.5,4.3,5.4,86.5,89.49999999999999,89.9,24.9,25,18.6,20.3,20.8,8571,9.5,21.9,22.9,71,80.2,40975,78.1,12.7,92600,36587,36742,2.44,2.34,21467,27220.51,0,42570,46727,47188,2004,26968,-10.8,4837,6538,NA,NA,NA,NA,NA,27,1745196,NA,949636,10447,73373,105,909044,358.18,254.4,none,12.7,13.7,14,23.5,20.1,44068,41769,2299,5.22,43950,41240,2710,6.17,43579,39523,4056,9.31,43135,39153,3982,9.23,43050,39434,3616,8.4,43330,39905,3425,7.9,43047,39809,3238,7.52,42611,39962,2649,6.22,42110,39454,2656,6.31,41513,38728,2785,6.71,5.8,3.6,3.8,0.3,40603,38132,2471,6.09,80.1,21.5,3.1,5.2,0.5,2.8,22.1,3.6,1.5,77.9,70.6,70.5,37055,0.3,0.7,0.2,3.4,1.4,25.5,6.3,74.5,90.8,67724,23.5,45.2,50204,26315,36191,0.1,0.3,0,28926,2.28,86727,13.8,8.4,20.1,2.4,6.2,5,0.2,4.3,3.9,9.1,93.1,92
42075,Pennsylvania,Lebanon County,120327,133568,134438,135468,135720,136510,137540,138557,139754,6.3,6.1,23,17,18.5,41.2,51.2,91,2.2,1.1,0.2,0.04,1.1,0.66,NA,0.03,3.48,1.6,1.06,9.3,12.2,86.9,83.35,88,87.8,3,9,6.3,84.4,86.1,86.9,22.9,23.1,18.3,19.9,20.4,12106,9.2,22.5,23.1,75.4,83.9,55592,74.6,17.8,155900,51543,52792,2.47,2.55,25525,27926.67,1,52356,56971,57698,2636,43082,14.5,7539,10145,NA,NA,1.6,NA,NA,23.4,2393561,2802572,1488641,11612,125336,240,1317849,361.83,369.1,partial,8.9,9.9,10.5,17.1,14.5,72124,69628,2496,3.46,73369,70324,3045,4.15,72763,67885,4878,6.7,70061,64825,5236,7.47,69836,65003,4833,6.92,70907,66176,4731,6.67,70739,66342,4397,6.22,70133,66657,3476,4.96,70063,66890,3173,4.53,70599,67435,3164,4.48,10.3,11.6,11,0.2,70550,67635,2915,4.13,77.1,19.1,2.7,6,1.4,3.05,20.7,2.5,13.1,80.2,74.3,72.2,53579,0.8,2.5,0.6,3,9.5,30,5.5,70,87.2,74008,23,41,60281,30582,37996,0.1,7.3,0,29130,2.55,139729,10.8,6.3,16.5,2.1,4.1,8.6,0.5,9.5,11.4,8.5,86.6,82.2
42077,Pennsylvania,Lehigh County,312090,349497,353394,354920,355634,358126,360505,363113,366494,6.1,5.9,23.7,14.8,15.9,39.4,51.6,79.1,6.1,3.45,0.4,0.11,2.9,1.66,0,0.02,3.92,2.9,1.54,18.8,22.76,71.6,66.5,76.6,85.1,9,20.4,5.4,85.9,88,88.2,25.8,26.1,27,28.9,29.1,27053,7.1,23.5,24.7,78.9,86.5,142613,68.8,23.5,203200,132879,137239,2.52,2.56,27301,31078.13,1,53541,60243,60116,8479,153954,-4.6,20680,27183,4.6,NA,3.5,NA,8.3,29.5,7031570,NA,5081208,15047,546275,589,2185438,345.17,1012.5,partial,11.9,13.8,13.3,21.6,20.1,175800,168063,7737,4.4,178950,168895,10055,5.62,178430,162952,15478,8.67,177192,160908,16284,9.19,179493,163972,15521,8.65,182868,167357,15511,8.48,183305,168957,14348,7.83,183072,171963,11109,6.07,185778,175869,9909,5.33,189074,178969,10105,5.34,7.9,4.6,3.7,0.3,188781,179294,9487,5.03,77.3,16.5,2.5,5.9,3.3,3.09,29.9,7.4,24.5,83.3,77.6,78.2,138714,2.2,6.3,2,3.9,18.5,35.6,2.1,64.4,89,86346,24.8,39.1,63897,30969,41286,0.3,6.2,0,33566,2.56,365052,12.5,7.4,19.5,3.5,5.3,6.5,0.3,3.3,3.
42079,Pennsylvania,Luzerne County,319250,320918,320948,321154,319745,319206,318013,316801,317343,5.2,5,20.2,17.9,19.1,43,51.1,90.7,3.4,2.15,0.2,0.12,1,0.59,NA,0.01,1.66,1.5,0.9,6.7,10.11,88.2,83.8,89.1,88.1,4.1,7.1,5,87,89.19999999999999,89.2,27.9,27.6,20.2,22.1,22.8,30751,8.9,21.8,22.1,71.8,80.8,148748,69.9,20.6,113300,130855,128247,2.36,2.38,23245,27073.95,1,42224,46452,49290,7379,124158,-2.5,15913,22566,1,NA,1.9,NA,2.8,23.6,5708309,2174732,5223747,16746,442900,359,3284998,890.33,360.4,partial,13.7,14.6,15.2,32.1,25.6,159118,151181,7937,4.99,161744,151642,10102,6.25,161298,146781,14517,9,159763,143863,15900,9.95,159843,144500,15343,9.6,160855,145103,15752,9.79,160767,145691,15076,9.38,159038,147381,11657,7.33,158764,148514,10250,6.46,158791,148775,10016,6.31,6.6,2.3,3.4,0.1,158265,148913,9352,5.91,80.3,19.6,3.1,5.1,1.2,2.97,22.9,5.1,11.9,77.5,70.1,71.4,128660,0.7,2.8,0.4,2.7,8.1,32,2.9,68,89.8,69548,22.9,42.8,53473,28094,36929,0.2,3.8,0.1,28972,2.37,317663,14.7,8.4,25.5,2,5.4,5,0.3,2
42081,Pennsylvania,Lycoming County,120044,116111,116671,117188,116577,116282,115580,114708,113841,5.6,5.6,20.9,16.5,17.9,41,51,92.6,4.5,2.47,0.2,0.07,0.6,0.31,NA,0.01,0.23,1.7,0.89,1.3,1.91,91.9,90.74,96.6,86.5,1.4,3.1,5.5,85.9,88.80000000000001,89.5,28,28.1,18.8,20.6,22.1,11068,9.5,19.3,20.2,72.3,83.1,52500,69.8,19.3,119200,46612,45991,2.4,2.38,21802,26920.59,1,42689,48962,50634,2805,43559,-11.9,6292,8851,NA,NA,1.6,NA,1.1,28.3,3358208,701940,1458361,12482,147871,207,951774,1228.59,94.5,partial,14.4,14.6,14,25.7,20.8,59328,56408,2920,4.92,60703,57136,3567,5.88,60009,54723,5286,8.81,59484,54171,5313,8.93,61091,56364,4727,7.74,62752,57815,4937,7.87,61870,57029,4841,7.82,61533,57751,3782,6.15,60904,57216,3688,6.06,58735,54841,3894,6.63,6.5,3.7,4.5,0.1,57623,54369,3254,5.65,79.5,19,2.7,5.5,0.7,2.88,23.4,5,2,77.8,73.4,69.6,45608,0.6,0.5,0.3,2.1,1.4,30.8,6.2,69.2,90.1,68006,NA,41.5,54241,27053,35537,0.2,0.3,0,27950,2.37,114330,13.6,7.7,20.4,1.8,4.8,5.4,0.1,4.2,5.4,9.8,92.1,90.6
42083,Pennsylvania,McKean County,45936,43450,43114,43099,42731,42526,42247,41518,41330,5.5,5,21.1,17,18.2,42.5,49,95.9,2.4,1.32,0.2,0.07,0.4,0.22,NA,0.02,0.3,0.9,0.77,1.7,2.1,94.5,93.53,97,87.9,1,2.9,5.1,88.3,89.6,90.2,24.7,25,15.6,17,17.4,4671,10.3,18.7,21.1,71.1,82.4,21225,74.4,10.9,72300,17324,17199,2.38,2.27,21022,26560.35,0,40097,43082,45866,1076,13482,-11.9,2151,3083,NA,NA,NA,NA,NA,21.1,1394433,NA,422296,9679,40949,35,406262,979.2,44.4,NA,13.9,17.4,17.3,33.6,26.4,21676,20591,1085,5.01,21938,20594,1344,6.13,21188,19016,2172,10.25,20048,18031,2017,10.06,20113,18357,1756,8.73,20270,18570,1700,8.39,19696,18087,1609,8.17,19317,18080,1237,6.4,18979,17825,1154,6.08,18496,17272,1224,6.62,6.2,2.6,4.4,0,18148,17029,1119,6.17,80.2,19,2.9,5,0.5,2.73,18.9,2.5,2.1,76.5,71.4,65.9,17147,0.8,0.2,0.1,1.2,1.3,25.9,7.3,74.1,91.8,64783,22.5,43.2,48647,25302,34840,0.2,0.7,0.1,27023,2.24,41401,16.1,7,26,1.5,6,3.9,0,3,2.4,9.7,94.5,93.5
42085,Pennsylvania,Mercer County,120293,116638,116139,115641,115170,114777,113746,112673,111750,5.1,4.9,21.6,18.5,20.2,44.4,51,91.6,5.8,2.89,0.1,0.05,0.6,0.33,NA,0,0.22,1.5,0.89,1.1,1.39,91,90.31,95.7,87,1.6,4.7,5.4,87.1,89.5,90.1,23.8,23.6,19,21.6,22.3,11179,10.2,20.4,20.8,73.2,81.6,51733,75.3,14.9,101700,46681,45805,2.35,2.32,21765,26894.4,1,42573,49187,47340,2794,44087,-5,6323,9694,NA,NA,NA,NA,0.5,25.6,3463612,NA,1441622,12308,166752,152,1066668,672.58,173.4,comprehensive,13.2,16.1,13.7,26,23.5,55433,52359,3074,5.55,55808,52070,3738,6.7,54749,48642,6107,11.15,53628,48517,5111,9.53,53349,49143,4206,7.88,53939,49863,4076,7.56,53737,49854,3883,7.23,53070,49958,3112,5.86,52997,50107,2890,5.45,52544,49412,3132,5.96,7.4,9.4,7.9,0.3,50990,48200,2790,5.47,80.4,21.2,3.5,4.8,0.7,2.8,22.8,5.7,1.5,78.3,70.8,69.6,46340,0.5,0.5,0.2,3,0.8,27.5,6.9,72.5,89.9,65894,NA,44.7,50696,25932,35124,0.1,0.2,0,27639,2.25,111518,13.9,5.9,23.3,1.9,4.6,5.9,0.4,6.2,7.6,9.7,91.3,90.2
42087,Pennsylvania,Mifflin County,46486,46682,46712,46738,46635,46492,46427,46316,46388,6.3,6.1,23.1,18.5,20.5,43.6,51.1,97.5,0.6,0.33,0.1,0.04,0.4,0.28,NA,0.05,0.15,1,0.6,1.1,1.44,96.8,96.13,91.5,90.5,0.5,9.2,5.9,80.8,83.1,84.3,19.9,20.7,11.1,12.1,12.2,4495,11,21.2,24.1,63.8,76.2,21537,73.4,13,92500,19051,18939,2.42,2.42,19085,23796.69,0,37539,43245,46286,935,12736,-14.3,2559,3349,NA,NA,NA,NA,NA,28.8,950357,NA,526069,11435,36095,79,388689,411.03,113.6,partial,13.9,14.7,13.5,29.8,21,22514,21338,1176,5.22,22790,21297,1493,6.55,22558,20328,2230,9.89,21265,19086,2179,10.25,20998,19129,1869,8.9,21130,19302,1828,8.65,21390,19644,1746,8.16,21095,19743,1352,6.41,20913,19706,1207,5.77,20810,19621,1189,5.71,12.6,19.2,14.9,0.7,20630,19527,1103,5.35,77.5,21.1,2.9,6.2,0.3,2.85,11.9,0.5,1.6,70.6,64.5,64.5,19043,0,1.1,0.3,6.9,1.4,28.7,7.6,71.3,85,62711,NA,44,50219,26254,34250,0.2,0.5,0.1,25469,2.39,46276,13.5,7.8,21.3,1.5,2.9,12.3,2.2,17.1,23.2,9.9,96.9,95.9
42089,Pennsylvania,Monroe County,138687,169842,169961,168775,167588,167547,166835,166516,168046,5.1,4.5,23.9,12.8,15.7,42.6,50.6,77.2,13.2,7.06,0.3,0.22,2.1,1.13,NA,0.01,1.57,2.9,1.54,13.1,14.93,70.5,67.57,84.8,89.4,9.3,14,4.5,88.7,89.6,89.2,29.5,29.1,23.8,23.6,24,14445,7.9,39.6,38.6,80.6,88.9,80359,81.4,8.4,206400,59997,57526,2.74,2.87,24824,26249.48,1,56733,59574,61430,3495,44554,9.5,10110,12976,6.4,NA,3.6,NA,NA,27.4,2656512,NA,2014874,12236,394427,263,2132658,608.29,279.2,none,10.4,12,11.1,15.7,15.1,81613,77608,4005,4.91,84017,78991,5026,5.98,82859,75360,7499,9.05,82725,74676,8049,9.73,82214,74236,7978,9.7,82422,74374,8048,9.76,81588,73955,7633,9.36,79848,73823,6025,7.55,80768,75552,5216,6.46,81912,76791,5121,6.25,8.6,5.7,4.8,0.3,81955,77141,4814,5.87,80.2,16.8,1.6,4.5,2.4,3.46,24.7,14.7,15.9,84.3,81.7,79.2,57098,1.4,2.1,1,5.6,11.1,23,4.2,77,89.6,80849,39.4,42.9,63934,29056,39171,0.3,3,0,29662,2.9,168032,11.2,8.1,14.7,3.1,6,6.5,0.8,4.4,5.7,8,76.3,66.1
42091,Pennsylvania,Montgomery County,750097,799874,805186,808912,812838,815947,817869,820656,826075,5.9,5.6,22.9,15.1,16.7,41.2,51.5,81.1,8.7,4.51,0.1,0.05,6.4,3.67,NA,0.01,0.63,1.9,1.19,4.3,4.88,79,76.58,86.5,89.1,9.3,11.8,5.1,92.6,94,94.1,21.9,21.9,44.2,47.5,48.2,56224,6.6,27.4,28.7,86.6,91.1,325735,74.2,24.1,297200,306661,312805,2.51,2.55,40076,45567.06,1,76380,84156,84791,25944,468429,-5.8,62739,84682,3.3,NA,4.6,NA,NA,25.9,20398758,12012437,15151273,19534,1477987,1061,7097470,483.04,1655.9,none,5.6,6.2,6.4,8.1,7.2,430052,415122,14930,3.47,438010,419127,18883,4.31,425087,396105,28982,6.82,430378,400485,29893,6.95,430366,402414,27952,6.49,435595,407899,27696,6.36,435621,410086,25535,5.86,436596,416265,20331,4.66,440895,422542,18353,4.16,447537,428999,18538,4.14,4.5,2,2.5,0.1,448710,431390,17320,3.86,78.3,17.4,2.7,5.5,7.6,3.08,49.3,9.2,5.1,89.4,86.3,83.1,316206,4.5,2.4,1,6.2,4.1,28.2,0.9,71.8,94.4,125928,29.2,41.2,91546,43022,54754,0.1,1.4,0,48845,2.53,823823,5.9,5,6.9,2.6,3.9,3.6,0.3
42095,Pennsylvania,Northampton County,267066,297735,298277,299171,299194,299882,300466,301760,303405,5.5,5,21.9,15.7,17.8,42,51.2,86.3,5,2.69,0.2,0.18,2.4,1.38,0,0.01,1.05,2.2,1.6,10.5,12.41,81,77.94,87,85.8,6.4,12.5,4.1,87,90.4,90.6,27.4,26.9,26.3,27.9,28.8,24542,7.9,27.5,27.6,79,86.3,120363,75.4,17.2,220800,111929,113827,2.52,2.55,28362,33031.37,1,58762,65730,65390,6270,91604,14,16487,21066,3.2,NA,NA,NA,4.3,28.3,3923120,9815918,3405008,11550,384787,478,2489176,369.67,805.4,none,8.8,9.3,9.2,15.5,13,151894,145194,6700,4.41,153803,145401,8402,5.46,153711,140823,12888,8.38,151874,138549,13325,8.77,152641,140054,12587,8.25,155425,142832,12593,8.1,155780,144263,11517,7.39,155369,146129,9240,5.95,156593,148341,8252,5.27,158885,150671,8214,5.17,6.4,2.2,3,0.4,158727,150948,7779,4.9,79.9,18.6,2.8,4.9,2.8,3.07,30.3,5.7,13.2,82.9,78.8,76.7,114185,1.4,3,0.6,4.5,9.2,28.6,2.1,71.4,90.9,90901,28,42.2,70471,31975,42978,0.2,2.2,0,35270,2.55,302809,8.6,6,13.3,3.5,4.4,4.6,0.3,2.6,2.3,7.4,85.6,76.7
42097,Pennsylvania,Northumberland County,94556,94528,94397,94444,93953,93709,93020,92479,92029,5.6,5.3,20.6,18.5,20,44.3,50.1,95.4,2,1.36,0.2,0.14,0.4,0.17,NA,0.05,0.21,1,0.48,2.4,3.16,94.3,92.99,96.2,88.9,1.2,3.8,6.9,84.2,85.80000000000001,86.2,20.6,20.6,13.5,15,15.4,9944,10,23.3,23.3,67.9,76.8,45125,72.4,15.7,93500,39234,39281,2.31,2.26,20654,25376.99,0,38387,46783,44534,1673,23569,-4.6,4366,6016,NA,NA,1.3,NA,NA,26.1,1420453,587508,797025,8744,54514,124,808808,458.37,206.2,none,14.9,14.6,14.4,27.4,20.6,47308,44904,2404,5.08,48029,44896,3133,6.52,47323,42748,4575,9.67,45371,40859,4512,9.94,44956,40834,4122,9.17,45086,40980,4106,9.11,44731,40819,3912,8.75,43931,40978,2953,6.72,43432,40780,2652,6.11,43962,41219,2743,6.24,7.1,5.2,6.6,0.1,43683,41201,2482,5.68,80.4,20.9,3.3,5.2,0.4,2.76,16.6,2.7,3.5,72.9,67.3,63.4,39075,0.4,0.6,0.1,2.3,1.7,29.2,4.9,70.8,88,62350,NA,44.5,48671,26746,35958,0.4,0.5,0,26389,2.24,91761,13.2,9,18.8,1.4,4.7,4.4,0.4,4.2,3.7,8.9,94.6,92.5
42107,Pennsylvania,Schuylkill County,150336,148289,147461,147023,146490,145157,143885,143335,142569,5.2,4.8,20.1,18.1,19.4,44.2,49.3,94.4,2.7,1.4,0.1,0.08,0.5,0.25,NA,0.01,0.59,1,0.75,2.8,3.84,93.2,91.71,95.5,88.1,1.9,5,5.9,83.6,87.89999999999999,88.3,24.9,25.1,13.6,15.3,16,15658,10.3,25,25.7,71.1,79.3,69323,77.2,12.6,88400,60347,58758,2.34,2.33,21408,25893.99,0,42315,50299,47642,2894,40827,-6.5,6682,8794,0.6,NA,1.8,NA,0.9,27.7,3043381,1070243,1317896,8952,135797,188,1283433,778.63,190.4,partial,11.9,12.8,12.5,21.1,17.6,73592,69906,3686,5.01,74496,69866,4630,6.22,73928,66625,7303,9.88,70688,63196,7492,10.6,70052,63219,6833,9.75,70983,64077,6906,9.73,70245,63785,6460,9.2,68984,64095,4889,7.09,68186,63898,4288,6.29,67579,63409,4170,6.17,6.8,4.7,4.5,0.1,66298,62412,3886,5.86,80.2,20,2.9,4.9,0.5,2.82,16.6,3.2,4.4,76.6,71.7,68.3,58749,0.5,0.5,0.2,2.4,2.9,24.3,3.6,75.7,89.3,65564,26.6,44.4,52280,28165,38382,0.2,1,0,27431,2.3,142674,12.4,8.6,16.6,1.4,5.4,5.2,0.2,4.6,4.7,9.4,93.7,91
42111,Pennsylvania,Somerset County,80023,77742,77304,77051,76679,76292,75553,75070,74501,4.8,4.5,19.5,18.6,20.9,45.9,48.5,96,2.4,1.38,0.1,0.03,0.3,0.19,NA,0.02,0.22,0.6,0.49,1.1,1.42,95.5,94.59,95.9,90.8,0.8,3.6,6,82.9,87.2,87.8,22.5,22.1,14.3,15.5,15.7,7399,9.6,22.8,24.2,67.7,77.6,38113,78.4,11.5,92200,30319,29918,2.46,2.36,19903,24917.37,0,39194,43938,46132,1741,20642,-6.5,4731,6162,NA,NA,NA,NA,NA,27.1,955546,NA,764746,9838,81350,112,715244,1074.37,72.4,partial,12.9,14.1,12.7,22.7,20.1,38870,36732,2138,5.5,39439,36942,2497,6.33,38857,35545,3312,8.52,37151,33593,3558,9.58,36949,33653,3296,8.92,36584,33343,3241,8.86,35811,32504,3307,9.23,35001,32447,2554,7.3,34463,32110,2353,6.83,34184,31728,2456,7.18,7.6,6.9,5.8,0.9,33582,31536,2046,6.09,81.7,21.8,3.3,4.6,0.3,2.84,15.9,2.6,1.5,71.4,67.6,62.2,29644,0.3,0.3,0.2,1.9,1.1,21.9,10.7,78.1,88.2,62531,NA,46.1,49089,25627,32431,0.1,0.4,0,25781,2.33,74361,12.4,7.9,20.3,1.4,4.5,6.8,0.7,6.7,7.4,9.6,95.2,94.3
42117,Pennsylvania,Tioga County,41373,41981,42244,42478,42264,41932,41534,41227,40793,5.3,5.3,20.5,18,20.2,44,51,97.3,0.8,0.29,0.2,0.06,0.4,0.27,NA,0.02,0.14,1,0.67,1,1.24,96.6,96.29,98.6,87.9,1.3,2.3,6,87.1,89.1,89.8,24.5,25,17.7,20.5,20.2,4504,10.6,22.6,23.9,72.3,82.1,21364,74.9,11.1,105700,17182,16121,2.34,2.53,20358,24839.53,0,40338,49004,50017,851,9455,-9.8,2608,3288,NA,NA,NA,NA,NA,22.5,463131,201818,413451,10162,39984,99,354114,1133.79,37,partial,15.8,13.3,13.4,26.1,16.6,20374,19259,1115,5.47,20623,19374,1249,6.06,20410,18431,1979,9.7,20194,18516,1678,8.31,21193,19711,1482,6.99,21727,20071,1656,7.62,21268,19445,1823,8.57,20456,19038,1418,6.93,20330,19006,1324,6.51,19856,18440,1416,7.13,8.7,4.1,5.1,0.4,19220,18069,1151,5.99,80.1,21.5,2.8,5.2,0.6,3,19.1,0.7,1.3,77.1,73.5,66.1,16310,0.4,0.2,0.1,0.7,0.7,27.2,16.5,72.8,90.4,63500,NA,44.6,51324,25397,33893,0.1,0.4,0,26301,2.47,40944,13.2,8.9,16.7,1.4,4.9,7.4,0,5.3,7.4,11.1,96.9,96.1
42121,Pennsylvania,Venango County,57565,54984,54683,54211,53840,53363,52966,52469,51762,5.6,5.3,21.5,18,20.4,46,51.1,97.1,1,0.46,0.2,0.02,0.4,0.19,NA,0,0.08,1.1,0.8,0.9,1.09,96.5,96.08,98.1,87.1,0.7,2.2,5.2,87.3,88.9,89.6,23.1,23.4,14.1,16.5,17.2,5580,11.7,20.9,22.1,72.9,81.7,27464,75,12,76500,22457,21925,2.4,2.36,20522,25342.37,0,39812,41395,46487,1186,17129,-4.3,2934,3755,NA,NA,NA,NA,NA,18,1113025,NA,594243,10846,44284,68,490775,674.28,81.5,partial,15.7,14.6,13.6,25.2,20.5,26073,24791,1282,4.92,26447,24947,1500,5.67,26339,24053,2286,8.68,26428,24182,2246,8.5,26398,24448,1950,7.39,26300,24284,2016,7.67,25270,23307,1963,7.77,24692,23232,1460,5.91,24461,23005,1456,5.95,23720,22000,1720,7.25,7.3,5.7,4.2,0.2,23056,21645,1411,6.12,80.4,21.6,2.1,4.9,0.4,2.8,18.7,0.8,1.1,77.4,70.3,67.5,22050,0.2,0.1,0.1,1.3,0.7,24.9,9.1,75.1,90.2,63012,NA,46.9,49945,26251,33621,0,0.3,0,26969,2.3,51818,12.9,7.6,17.7,1.9,6.1,6.1,0,5.2,7.1,10.7,96.6,95.8
42125,Pennsylvania,Washington County,202897,207820,207968,208230,207992,207925,207747,207341,207298,5.1,5.1,20.5,17.5,19.2,44.4,51.4,94.1,3.3,1.51,0.1,0.06,0.6,0.48,NA,0.01,0.12,1.5,0.96,1.1,1.57,93.4,92.54,97,88.7,1.4,3,5.2,89,91.69999999999999,92.3,24.8,24.8,24.2,28.1,29,19573,9.2,25.6,26.9,77.2,84.4,92977,77.3,14.5,130300,83604,83897,2.42,2.41,26045,32950.62,1,49687,58068,59309,4991,80120,7.9,11946,16589,NA,NA,0.5,NA,0.8,23.2,3672862,2454714,2283225,11097,233718,471,1957674,856.99,242.5,none,10.4,9.7,9.7,14.7,11.7,104070,99305,4765,4.58,106420,100875,5545,5.21,106457,98347,8110,7.62,105278,96763,8515,8.09,105890,98107,7783,7.35,107440,99718,7722,7.19,107008,99583,7425,6.94,106172,100060,6112,5.76,106615,100677,5938,5.57,107289,100730,6559,6.11,5,2.5,2,0.3,106484,100896,5588,5.25,80.4,20.1,2.7,5,1,2.94,30,3.1,1.7,82.3,74.9,74.8,84948,0.6,0.3,0.2,1.9,1.1,24.4,5.1,75.6,93.1,85387,26.7,44.5,63543,31369,42284,0.1,0.2,0,35537,2.38,207212,9.2,7.2,11.1,2,4.8,3.9,0.2,1.7,1.9,8.6,93.6,92.2
42127,Pennsylvania,Wayne County,47722,52822,52700,52204,52146,51987,51713,51230,51205,4.1,4,19,19,22.4,47.7,47.6,94.2,3.1,1.71,0.2,0.14,0.5,0.29,NA,0,0.19,1.1,0.66,3.4,4.15,92,90.97,94.9,89.2,3.4,5.6,4.7,86.7,89.9,89.5,26.3,25.7,17.9,20.5,20.4,5849,10.6,26.8,29.6,74.6,83.6,31653,80.3,5.6,173600,19678,19202,2.45,2.49,22525,25942.97,0,45930,49357,52161,1373,12739,-3.2,3846,5809,NA,NA,NA,NA,NA,26.8,115047,111976,692267,13355,187793,196,448698,725.6,72.8,none,10.9,13.7,11.1,13.8,14.6,25655,24580,1075,4.19,25742,24400,1342,5.21,25640,23736,1904,7.43,23616,21699,1917,8.12,23279,21391,1888,8.11,23121,21260,1861,8.05,22717,20931,1786,7.86,22345,20913,1432,6.41,22268,20972,1296,5.82,22527,21235,1292,5.74,6.6,1.8,3.5,0.1,22528,21384,1144,5.08,83.3,23.5,3.1,4.2,0.6,3.09,20.4,3.2,4.5,78.9,75.4,68.1,18841,0.6,0.4,0.1,3.1,2.8,19,6.8,81,89.6,70356,29.3,48.2,56096,26450,34559,0.2,0.3,0,27412,2.52,51422,11.4,6.7,15,1.9,4.5,5.4,0.1,3.7,3.6,10.5,93.7,90.5
42129,Pennsylvania,Westmoreland County,369993,365169,364494,362891,360804,358962,356995,354788,352627,4.8,4.6,19.9,18.9,21.1,46.6,51.3,95.3,2.3,1.18,0.1,0.04,0.7,0.43,NA,0.01,0.08,1.2,0.8,0.9,1.09,94.8,94.14,97.3,90.7,1.6,3.3,4.7,91.4,93,93.6,27.6,27.7,24,26.9,28,36110,9.5,25.6,26.3,74.8,82.5,168199,76.5,14.4,126800,152640,151892,2.34,2.3,25845,32201.74,1,47689,56544,56702,8955,120610,-6.1,20828,29746,1.2,NA,1.3,NA,0.3,25.2,7076972,5390535,4154689,11441,454326,560,3286560,1027.55,355.4,partial,9.8,9.8,10.3,17.5,14.1,185838,177330,8508,4.58,189007,179023,9984,5.28,188741,174028,14713,7.8,185272,170021,15251,8.23,185894,171892,14002,7.53,187624,173802,13822,7.37,186375,173348,13027,6.99,183230,172700,10530,5.75,182925,173042,9883,5.4,182859,172157,10702,5.85,4.4,1.8,1.9,0.1,181839,172417,9422,5.18,81.5,22.1,3.2,4.5,0.9,2.8,29.1,2.4,1.2,80.4,76.2,71.3,152283,0.5,0.3,0.2,1.9,1.1,22.8,5.2,77.2,94.4,78999,NA,47,60471,31061,41622,0.1,0.3,0,34274,2.26,352590,10,7.3,13.5,1.7,3.9,3.4,0.1,1.3,1.3
42133,Pennsylvania,York County,381751,434972,436702,437483,438926,440444,441822,443809,446078,6.1,5.7,23.5,14,16.3,41,50.7,88.5,5.6,2.84,0.2,0.06,1.2,0.73,NA,0.02,0.65,2,1.24,5.6,6.93,86.2,84.28,92.8,87.2,3.5,6.7,5.5,86.8,88.5,89.1,24.8,25.1,21.5,23.1,23.7,37003,9.1,26.1,27.1,76.4,85.5,178671,76.4,14.3,175500,166600,169667,2.52,2.55,27196,30158.04,1,57494,62305,61707,8647,156561,2.3,24185,33591,NA,NA,1.9,NA,1.6,29.1,11957398,3822893,4942667,11724,527937,1059,4098310,904.18,481.1,none,9,9.8,10.3,16.4,14.9,225424,216856,8568,3.8,229230,218459,10771,4.7,226705,208284,18421,8.13,230398,211054,19344,8.4,230661,213368,17293,7.5,233204,215912,17292,7.41,232147,216521,15626,6.73,230710,218272,12438,5.39,232736,221649,11087,4.76,234956,224099,10857,4.62,6.5,3.9,3.7,0.1,234356,224108,10248,4.37,77.8,17.1,2.1,5.7,1.5,3.01,24.9,5.9,7.5,81.6,76.7,76.7,172421,0.8,1.5,0.3,2.3,5.1,25.1,4.9,74.9,89.9,82723,27.4,41,66457,32447,42285,0.2,1.4,0.1,32623,2.53,445565,9.6,6.8,14,2.5,3.9,5.1,0.3,3.3,3.2,8.5,88
